{
    "$schema": "https://schema.management.azure.com/schemas/2019-04-01/deploymentTemplate.json#",
    "contentVersion": "1.0.0.0",
    "parameters": {
        "botServices_anujadn_bot_name": {
            "defaultValue": "anujadn-bot",
            "type": "String"
        }
    },
    "variables": {},
    "resources": [
        {
            "type": "Microsoft.BotService/botServices",
            "apiVersion": "2021-05-01-preview",
            "name": "[parameters('botServices_anujadn_bot_name')]",
            "location": "global",
            "sku": {
                "name": "F0"
            },
            "kind": "sdk",
            "properties": {
                "displayName": "[parameters('botServices_anujadn_bot_name')]",
                "iconUrl": "https://docs.botframework.com/static/devportal/client/images/bot-framework-default.png",
                "endpoint": "[concat('https://', parameters('botServices_anujadn_bot_name'), '-9322.azurewebsites.net/api/messages')]",
                "msaAppId": "114fd76c-f07e-4ce8-a4d8-e5dde93822e7",
                "luisAppIds": [],
                "isDeveloperAppInsightsApiKeySet": false,
                "isStreamingSupported": false,
                "schemaTransformationVersion": "1.3",
                "isCmekEnabled": false,
                "isIsolated": false,
                "disableLocalAuth": false,
                "cmekEncryptionStatus": "Off"
            }
        },
        {
            "type": "Microsoft.BotService/botServices/channels",
            "apiVersion": "2021-05-01-preview",
            "name": "[concat(parameters('botServices_anujadn_bot_name'), '/WebChatChannel')]",
            "location": "global",
            "dependsOn": [
                "[resourceId('Microsoft.BotService/botServices', parameters('botServices_anujadn_bot_name'))]"
            ],
            "properties": {
                "properties": {
                    "sites": [
                        {
                            "siteName": "Default Site",
                            "isEnabled": true,
                            "isWebchatPreviewEnabled": true
                        }
                    ]
                },
                "etag": "W/\"82a6edf7b78e5f428d1ba81d7c73fb111/9/2022 4:18:22 PM\"",
                "channelName": "WebChatChannel",
                "location": "global",
                "provisioningState": "Succeeded"
            }
        }
    ]
}